UPC,NAME,IDProduct,L1,L2,L3,Brand,Manufacturer,Planogram
2550000034,FOLGERS CLASSIC INSTANT,32255,GROCERY (Corp 6),COFFEE,COFFEE INSTANT & SUBSTITUTES,FOLGERS,"J. M. SMUCKER COMPANY, THE",27832
2550000227,FOLGERS CLASSIC VAC BAG,32257,GROCERY (Corp 6),COFFEE,COFFEE MAINSTREAM GROUND,FOLGERS,"J. M. SMUCKER COMPANY, THE",27832
2550000228,FOLGERS COLMB SUPREME,32258,GROCERY (Corp 6),COFFEE,COFFEE MAINSTREAM GROUND,FOLGERS,"J. M. SMUCKER COMPANY, THE",27832
2550000233,FOLGERS HALF CAF BAG,32259,GROCERY (Corp 6),COFFEE,COFFEE MAINSTREAM GROUND,FOLGERS,"J. M. SMUCKER COMPANY, THE",27832
2550000365,FOLGERS CLASSIC ROAST CAN,32260,GROCERY (Corp 6),COFFEE,COFFEE MAINSTREAM GROUND,FOLGERS,"J. M. SMUCKER COMPANY, THE",27832
2550000376,FOLGERS GROUND CAN BLACK SILK,32262,GROCERY (Corp 6),COFFEE,COFFEE MAINSTREAM GROUND,FOLGERS,"J. M. SMUCKER COMPANY, THE",27832
2550000380,FOLGERS GROUND CAN HOUSE BLEND,32263,GROCERY (Corp 6),COFFEE,COFFEE MAINSTREAM GROUND,FOLGERS,"J. M. SMUCKER COMPANY, THE",27832
2550000392,FOLGERS GROUND CAN HALF CAFFEI,32264,GROCERY (Corp 6),COFFEE,COFFEE MAINSTREAM GROUND,FOLGERS,"J. M. SMUCKER COMPANY, THE",27832
2550020170,FOLGERS CLASSIC DECAF INSTANT,32270,GROCERY (Corp 6),COFFEE,COFFEE INSTANT & SUBSTITUTES,FOLGERS,"J. M. SMUCKER COMPANY, THE",27832
2550020188,FOLGERS CLASSIC ROAST INSTANT,32271,GROCERY (Corp 6),COFFEE,COFFEE INSTANT & SUBSTITUTES,FOLGERS,"J. M. SMUCKER COMPANY, THE",27832
2550020421,FOLGERS CLASSIC ROAST CAN,32272,GROCERY (Corp 6),COFFEE,COFFEE MAINSTREAM GROUND,Unassigned,Unassigned,27832
2550020527,FOLGERS HALF CAFFINATED CAN,32273,GROCERY (Corp 6),COFFEE,COFFEE MAINSTREAM GROUND,Unassigned,Unassigned,27832
2550020529,FOLGERS BREAKFAST BLEND CAN,32274,GROCERY (Corp 6),COFFEE,COFFEE MAINSTREAM GROUND,Unassigned,Unassigned,27832
2550020532,FOLGERS COLUMBIAN CAN,32275,GROCERY (Corp 6),COFFEE,COFFEE MAINSTREAM GROUND,Unassigned,Unassigned,27832
2550020534,FOLGERS FRENCH ROAST CAN,32276,GROCERY (Corp 6),COFFEE,COFFEE MAINSTREAM GROUND,Unassigned,Unassigned,27832
2550020536,FOLGERS GOURMET SUPREME CAN,32277,GROCERY (Corp 6),COFFEE,COFFEE MAINSTREAM GROUND,Unassigned,Unassigned,27832
2550020540,FOLGERS BLACK SILK CAN,32279,GROCERY (Corp 6),COFFEE,COFFEE MAINSTREAM GROUND,Unassigned,Unassigned,27832
2800046942,NESCAFE CLASICO,32284,GROCERY (Corp 6),COFFEE,COFFEE MAINSTREAM GROUND,NESCAFE,NESTLE HOLDINGS INC,27832
3680034313,CV BRICK COFFEE,32289,GROCERY (Corp 6),COFFEE,COFFEE MAINSTREAM GROUND,CLEAR VALUE,TOPCO ASSOCIATES LLC.,27832
3680037972,CV REG GROUND COFFEE,32290,GROCERY (Corp 6),COFFEE,COFFEE MAINSTREAM GROUND,CLEAR VALUE,TOPCO ASSOCIATES LLC.,27832
3680037973,CV DECAF GROUND COFFEE,32291,GROCERY (Corp 6),COFFEE,COFFEE MAINSTREAM GROUND,CLEAR VALUE,TOPCO ASSOCIATES LLC.,27832
4300002922,MAX HOUSE COFFEE ACM PK,32292,GROCERY (Corp 6),COFFEE,COFFEE MAINSTREAM GROUND,MAXWELL HOUSE,"KRAFT FOODS, INC.",27832
4300002945,MAX ADC COFFEE-BAG,32293,GROCERY (Corp 6),COFFEE,COFFEE MAINSTREAM GROUND,MAXWELL HOUSE,"KRAFT FOODS, INC.",27832
4300002946,MAX DECAF BAG 1#,32294,GROCERY (Corp 6),COFFEE,COFFEE MAINSTREAM GROUND,MAXWELL HOUSE,"KRAFT FOODS, INC.",27832
4300002948,MAX LITE COFFEE BAG,32295,GROCERY (Corp 6),COFFEE,COFFEE MAINSTREAM GROUND,MAXWELL HOUSE,"KRAFT FOODS, INC.",27832
4300002949,MAX FR ROAST REG BAG1#,32296,GROCERY (Corp 6),COFFEE,COFFEE MAINSTREAM GROUND,MAXWELL HOUSE,"KRAFT FOODS, INC.",27832
4300002951,MAXWELL BREAKFAST BLND BG,32297,GROCERY (Corp 6),COFFEE,COFFEE MAINSTREAM GROUND,MAXWELL HOUSE,"KRAFT FOODS, INC.",27832
4300004648,MAX ORIGINAL DOME,32299,GROCERY (Corp 6),COFFEE,COFFEE MAINSTREAM GROUND,MAXWELL HOUSE,"KRAFT FOODS, INC.",27832
4300005133,MAX HOUSE WAKE UP ROAST,32302,GROCERY (Corp 6),COFFEE,COFFEE MAINSTREAM GROUND,MAXWELL HOUSE,"KRAFT FOODS, INC.",27832
4300070590,MAXHS MASTER BLEND PK,32314,GROCERY (Corp 6),COFFEE,COFFEE MAINSTREAM GROUND,MAXWELL HOUSE,"KRAFT FOODS, INC.",27832
4300070865,MAX MASTERBLND ADC BAG COFFEE,32315,GROCERY (Corp 6),COFFEE,COFFEE MAINSTREAM GROUND,MAXWELL HOUSE,"KRAFT FOODS, INC.",27832
4300079460,MAX INSTANT COFFEE,32316,GROCERY (Corp 6),COFFEE,COFFEE INSTANT & SUBSTITUTES,MAXWELL HOUSE,"KRAFT FOODS, INC.",27832
4790010723,LUZIANE ADC BAG COFFEE,32317,GROCERY (Corp 6),COFFEE,COFFEE MAINSTREAM GROUND,LUZIANNE,"WM. B. REILY & COMPANY, INC",27832
7103800044,CFON COFFEE REG AMG CAN,32321,GROCERY (Corp 6),COFFEE,COFFEE MAINSTREAM GROUND,CHOCK FULL O NUTS,SEGAFREDO ZANETTI GROUP,27832
7103800141,CHOCK FULL O NUTS VAC BAG,32322,GROCERY (Corp 6),COFFEE,COFFEE MAINSTREAM GROUND,CHOCK FULL O NUTS,SEGAFREDO ZANETTI GROUP,27832
60788002218,SH FRENCH VANILLA GRD,35400,GROCERY (Corp 6),COFFEE,WHOLE BEAN-GROUND,SOUTHERN HOME,LONE STAR FUNDS,27832
60788002793,SH CARAMEL PECAN GRD COFFEE,35401,GROCERY (Corp 6),COFFEE,COFFEE MAINSTREAM GROUND,SOUTHERN HOME,LONE STAR FUNDS,27832
60788002217,SH HAZELNUT GRD,35403,GROCERY (Corp 6),COFFEE,WHOLE BEAN-GROUND,SOUTHERN HOME,LONE STAR FUNDS,27832
60788002222,SH KONA BREEZE BLEND GRD,35407,GROCERY (Corp 6),COFFEE,WHOLE BEAN-GROUND,SOUTHERN HOME,LONE STAR FUNDS,27832
60788002795,SH HIGHLANDER GROGG GRD COFFEE,35410,GROCERY (Corp 6),COFFEE,COFFEE MAINSTREAM GROUND,SOUTHERN HOME,LONE STAR FUNDS,27832
60788002220,SH SWISS MOCHA CHOC GRD,35411,GROCERY (Corp 6),COFFEE,WHOLE BEAN-GROUND,SOUTHERN HOME,LONE STAR FUNDS,27832
60788002323,SH TRADITIONAL BLEND WB,35412,GROCERY (Corp 6),COFFEE,WHOLE BEAN,SOUTHERN HOME,LONE STAR FUNDS,27832
4300006065,MCCAFE PREMIUM ROAST K-CUP,35423,GROCERY (Corp 6),COFFEE,COFFEE-LIQUID-SS,MC CAFE,"KRAFT FOODS, INC.",27832
4300005534,MCCAFE PREMIUM ROAST DECAF,35424,GROCERY (Corp 6),COFFEE,WHOLE BEAN-GROUND,MC CAFE,"KRAFT FOODS, INC.",27832
4300006346,MCCAFE COLUMBIAN,35425,GROCERY (Corp 6),COFFEE,WHOLE BEAN-GROUND,MC CAFE,"KRAFT FOODS, INC.",27832
4300005533,MCCAFE BREAKFAST BLEND,35426,GROCERY (Corp 6),COFFEE,WHOLE BEAN-GROUND,MC CAFE,"KRAFT FOODS, INC.",27832
4300005535,MCCAFE PREMIUM ROAST,35427,GROCERY (Corp 6),COFFEE,WHOLE BEAN-GROUND,MC CAFE,"KRAFT FOODS, INC.",27832
4300006086,MCCAFE FENCH ROAST K-CUP,35428,GROCERY (Corp 6),COFFEE,COFFEE-LIQUID-SS,MC CAFE,"KRAFT FOODS, INC.",27832
4300006064,MCCAFE PREM RST DECAF K-CUP,35429,GROCERY (Corp 6),COFFEE,COFFEE-LIQUID-SS,MC CAFE,"KRAFT FOODS, INC.",27832
9955508050,NEWMAN SS SPEC BLEND,35430,GROCERY (Corp 6),COFFEE,COFFEE-LIQUID-SS,NEWMAN'S OWN ORGANICS,NEWMAN'S OWN INC,27832
9955508520,GRN MNT SS BRKFST BLND,35431,GROCERY (Corp 6),COFFEE,COFFEE-LIQUID-SS,GREEN MOUNTAIN COFFEE KEURIG & SNPL KRG,KEURIG GREEN MOUNTAIN INC,27832
5543762270,4.7 MLTA CONE FLTR #2 WHI,35439,GENERAL MDSE (Corp 6),COFFEE FILTERS/ACCESSORIES,COFFEE FILTERS,MELITTA,MELITTA UNTERNEHMENSGRUPPE BENTZ KG,27845
5543761241,4-8 MLTA CONE FLTR #2 BRN,35440,GENERAL MDSE (Corp 6),COFFEE FILTERS/ACCESSORIES,COFFEE FILTERS,MELITTA,MELITTA UNTERNEHMENSGRUPPE BENTZ KG,27845
5543762440,4-9 MLTA CONE FLTR #4 WHI,35445,GENERAL MDSE (Corp 6),COFFEE FILTERS/ACCESSORIES,COFFEE FILTERS,MELITTA,MELITTA UNTERNEHMENSGRUPPE BENTZ KG,27845
5543762441,4-10 MLTA CONE FLTR #4 BR,35446,GENERAL MDSE (Corp 6),COFFEE FILTERS/ACCESSORIES,COFFEE FILTERS,MELITTA,MELITTA UNTERNEHMENSGRUPPE BENTZ KG,27845
5543762410,MELITTA WHT CONE FLTRS#4,35447,GENERAL MDSE (Corp 6),COFFEE FILTERS/ACCESSORIES,COFFEE FILTERS,MELITTA,MELITTA UNTERNEHMENSGRUPPE BENTZ KG,27845
5543762912,MELITTA WH COFFE FILTER 100CT,35449,GENERAL MDSE (Corp 6),COFFEE FILTERS/ACCESSORIES,COFFEE FILTERS,MELITTA,MELITTA UNTERNEHMENSGRUPPE BENTZ KG,27845
4300070992,MAX FILTER PAKS-REG,35454,GROCERY (Corp 6),COFFEE,COFFEE MAINSTREAM GROUND,MAXWELL HOUSE,"KRAFT FOODS, INC.",27832
2550072909,FOLGERS CR 10CT FILTER PK,35455,GROCERY (Corp 6),COFFEE,WHOLE BEAN-GROUND,FOLGERS,"J. M. SMUCKER COMPANY, THE",27832
2550000366,FOLGERS CLASSIC ROAST,35459,GROCERY (Corp 6),COFFEE,COFFEE MAINSTREAM GROUND,FOLGERS,"J. M. SMUCKER COMPANY, THE",27832
7447110101,CAFE PILON BAG 10 OZ,35464,GROCERY (Corp 6),COFFEE,COFFEE MAINSTREAM GROUND,CAFE PILON,"J. M. SMUCKER COMPANY, THE",27832
2550000229,FOLGERS BAG BRKFST BLND,35467,GROCERY (Corp 6),COFFEE,COFFEE MAINSTREAM GROUND,FOLGERS,"J. M. SMUCKER COMPANY, THE",27832
7447101720,CAFE BUSTELO BAG,35469,GROCERY (Corp 6),COFFEE,COFFEE MAINSTREAM GROUND,BUSTELO,"J. M. SMUCKER COMPANY, THE",27832
7056850040,FRNCH MRKT FRNCH RST COFF,35479,GROCERY (Corp 6),COFFEE,COFFEE MAINSTREAM GROUND,FRENCH MARKET,"WM. B. REILY & COMPANY, INC",27832
4300006315,MAXWELL HOUSE SMOOTHE BOLD,35480,GROCERY (Corp 6),COFFEE,COFFEE MAINSTREAM GROUND,MAXWELL HOUSE,"KRAFT FOODS, INC.",27832
2550000371,FOLGER CN CLASSIC RST DCF,35482,GROCERY (Corp 6),COFFEE,COFFEE MAINSTREAM GROUND,FOLGERS,"J. M. SMUCKER COMPANY, THE",27832
60788002216,SH FR.QUARTER ROAST GRD,35741,GROCERY (Corp 6),COFFEE,WHOLE BEAN-GROUND,SOUTHERN HOME,LONE STAR FUNDS,27832
60788002223,SH TRADITIONAL BLEND GRD,35742,GROCERY (Corp 6),COFFEE,WHOLE BEAN-GROUND,SOUTHERN HOME,LONE STAR FUNDS,27832
60788002224,SH FOGCUTTER GRD,35743,GROCERY (Corp 6),COFFEE,WHOLE BEAN-GROUND,SOUTHERN HOME,LONE STAR FUNDS,27832
60788002225,SH JAMAICAN NGHTS BLEND GRD,35744,GROCERY (Corp 6),COFFEE,WHOLE BEAN-GROUND,SOUTHERN HOME,LONE STAR FUNDS,27832
60788002321,SH COSTAL MORNINGS WB,35745,GROCERY (Corp 6),COFFEE,WHOLE BEAN,SOUTHERN HOME,LONE STAR FUNDS,27832
1291901220,SEATTLES BEST SIGNATURE KCUP,35749,GROCERY (Corp 6),COFFEE,COFFEE-LIQUID-SS,SEATTLE'S BEST COFFEE,STARBUCKS COFFEE CO,27832
1291901224,SEATTLES BEST BKFAST KCUP,35750,GROCERY (Corp 6),COFFEE,COFFEE-LIQUID-SS,SEATTLE'S BEST COFFEE,STARBUCKS COFFEE CO,27832
2550020040,FOLGERS LIVELY COLMBN K-CUP,35751,GROCERY (Corp 6),COFFEE,COFFEE-LIQUID-SS,FOLGERS,"J. M. SMUCKER COMPANY, THE",27832
2550020043,FOLGERS VAN BSCTTI K-CUP,35752,GROCERY (Corp 6),COFFEE,COFFEE-LIQUID-SS,FOLGERS,"J. M. SMUCKER COMPANY, THE",27832
2550020044,FOLGERS BLK SILK K-CUP,35753,GROCERY (Corp 6),COFFEE,COFFEE-LIQUID-SS,FOLGERS,"J. M. SMUCKER COMPANY, THE",27832
2550020212,FOLGERS GRMT SS CLA RO,35754,GROCERY (Corp 6),COFFEE,COFFEE-LIQUID-SS,FOLGERS,"J. M. SMUCKER COMPANY, THE",27832
7017751304,TWINNING TEA SS ENGLISH BREAKFAST,35755,GROCERY TOTAL (Corp 6),TEA,TEA PACKAGED,Default: No Brand,Default: No Manufacturer,27832
7017751305,TWINNING TEA SS EARLY GREY,35756,GROCERY TOTAL (Corp 6),TEA,TEA PACKAGED,Default: No Brand,Default: No Manufacturer,27836
9955501250,SWISS MISS CHOC HCOCO SS,35757,GROCERY (Corp 6),COFFEE,COFFEE-LIQUID-SS,SWISS MISS,CONAGRA INC,27832
9955508003,GRN MNT SS COLOMBIAN,35758,GROCERY (Corp 6),COFFEE,COFFEE-LIQUID-SS,GREEN MOUNTAIN COFFEE,KEURIG GREEN MOUNTAIN INC,27836
9955508051,NEWMAN SS SPC BLN DECF,35759,GROCERY (Corp 6),COFFEE,COFFEE-LIQUID-SS,NEWMAN'S OWN ORGANICS,NEWMAN'S OWN INC,27832
9955508061,GRN MNTSS DRK MGIC,35760,GROCERY (Corp 6),COFFEE,COFFEE-LIQUID-SS,GREEN MOUNTAIN COFFEE,KEURIG GREEN MOUNTAIN INC,27832
9955508205,EIGHT OCLOCK COF ORG SS,35761,GROCERY (Corp 6),COFFEE,COFFEE-LIQUID-SS,EIGHT O'CLOCK,TATA GROUP,27832
9955508206,EIGHT OCLOCK COF HAZ SS,35762,GROCERY (Corp 6),COFFEE,COFFEE-LIQUID-SS,EIGHT O'CLOCK,TATA GROUP,27832
9955508207,EIGHT OCLOCK COLUMBN K-CUP,35763,GROCERY (Corp 6),COFFEE,COFFEE-LIQUID-SS,EIGHT O'CLOCK,TATA GROUP,27832
9955508208,EIGHT OCLK DRK ITLN SS,35764,GROCERY (Corp 6),COFFEE,COFFEE-LIQUID-SS,EIGHT O'CLOCK,TATA GROUP,27832
9955508225,EIGHT CLOCK DECAFE K-CUP,35765,GROCERY (Corp 6),COFFEE,COFFEE-LIQUID-SS,EIGHT O'CLOCK,TATA GROUP,27832
9955508300,ORG DNT SHP COCONUT MOCHA,35766,GROCERY (Corp 6),COFFEE,COFFEE-LIQUID-SS,DONUT SHOP KEURIG,KEURIG GREEN MOUNTAIN INC,27832
9955508308,CINNABON CINN ROLL K-CUP,35767,GROCERY (Corp 6),COFFEE,COFFEE-LIQUID-SS,CINNABON KEURIG,KEURIG GREEN MOUNTAIN INC,27832
9955508516,ORIGINAL DONUT SHOP REG K-CUP,35768,GROCERY (Corp 6),COFFEE,COFFEE-LIQUID-SS,DONUT SHOP KEURIG,KEURIG GREEN MOUNTAIN INC,27832
9955508527,ORIGINAL DONUT SHP DECAF K-CUP,35769,GROCERY (Corp 6),COFFEE,COFFEE-LIQUID-SS,DONUT SHOP KEURIG,KEURIG GREEN MOUNTAIN INC,27832
9955508534,GRN MNT SS DONUT HSE,35770,GROCERY (Corp 6),COFFEE,COFFEE-LIQUID-SS,DONUT HOUSE COLLECTION KEURIG,KEURIG GREEN MOUNTAIN INC,27832
9955508588,KRISPY KREME SMTH K-CUP,35771,GROCERY (Corp 6),COFFEE,COFFEE-LIQUID-SS,KRISPY KREME,KRISPY KREME DOUGHNUT CORPORATION,27832
9955508652,DONUT HOUSE DINER'S CHC K-CUP,35772,GROCERY (Corp 6),COFFEE,COFFEE-LIQUID-SS,DONUT HOUSE COLLECTION KEURIG,KEURIG GREEN MOUNTAIN INC,27832
9955508663,GRN MNT SS NANTUCKET,35773,GROCERY (Corp 6),COFFEE,COFFEE-LIQUID-SS,GREEN MOUNTAIN COFFEE,KEURIG GREEN MOUNTAIN INC,27836
9955508792,GRN MNT SS HAZELNUT,35774,GROCERY (Corp 6),COFFEE,COFFEE-LIQUID-SS,GREEN MOUNTAIN COFFEE,KEURIG GREEN MOUNTAIN INC,27836
9955508832,GRN MNT K-CUP FR VANILLA,35775,GROCERY (Corp 6),COFFEE,COFFEE-LIQUID-SS,GREEN MOUNTAIN COFFEE,KEURIG GREEN MOUNTAIN INC,27832
9955508922,GM TLY'S BRK FBLND DCAFSS,35776,GROCERY (Corp 6),COFFEE,COFFEE-LIQUID-SS,GREEN MOUNTAIN COFFEE,KEURIG GREEN MOUNTAIN INC,27832
9955508934,GRN MNT SS DCAF XTRA B,35777,GROCERY (Corp 6),COFFEE,COFFEE-LIQUID-SS,DONUT HOUSE COLLECTION KEURIG,KEURIG GREEN MOUNTAIN INC,27832
9955508999,GRN MNT HALF CAFF COF SS,35778,GROCERY (Corp 6),COFFEE,COFFEE-LIQUID-SS,GREEN MOUNTAIN COFFEE,KEURIG GREEN MOUNTAIN INC,27832
9955509734,CELESTIAL SEASONINGS TEA K CUPS 12PC,35779,GROCERY TOTAL (Corp 6),COFFEE,COFFEE-LIQUID-SS,CELESTIAL SEASONINGS,HAIN CELESTIAL GROUP,27832
9955509849,CS SLEEPY TIME TEA KCUP,35780,GROCERY TOTAL (Corp 6),COFFEE,COFFEE-LIQUID-SS,CELESTIAL SEASONINGS,HAIN CELESTIAL GROUP,27836
64964520091,KEURIG ELITE BREWER,35781,GENERAL MDSE (Corp 6),APPLIANCES,COFFEE MAKERS,KEURIG GREEN MOUNTAIN INC,KEURIG,27836
76211100109,STRBCKS K-CUP CINNMN DLCE,35782,GROCERY (Corp 6),COFFEE,COFFEE-LIQUID-SS,STARBUCKS,STARBUCKS COFFEE CO,27832
76211100139,STRBCKS K-CUP MOCHA,35783,GROCERY (Corp 6),COFFEE,COFFEE-LIQUID-SS,STARBUCKS,STARBUCKS COFFEE CO,27832
76211188810,STARBUCKS SS PIKE PLACE,35784,GROCERY (Corp 6),COFFEE,COFFEE-LIQUID-SS,STARBUCKS,STARBUCKS COFFEE CO,27832
76211188811,STARBUCK SS FRENC RST,35785,GROCERY (Corp 6),COFFEE,COFFEE-LIQUID-SS,STARBUCKS,STARBUCKS COFFEE CO,27832
76211188812,STARBUCKS SS BKFST BLND,35786,GROCERY (Corp 6),COFFEE,COFFEE-LIQUID-SS,STARBUCKS,STARBUCKS COFFEE CO,27832
76211188813,STARBUCKS SS HOUSE BLD,35787,GROCERY (Corp 6),COFFEE,COFFEE-LIQUID-SS,STARBUCKS,STARBUCKS COFFEE CO,27832
76211188818,STARBUCKS SS SUMATRA DK,35788,GROCERY (Corp 6),COFFEE,COFFEE-LIQUID-SS,STARBUCKS,STARBUCKS COFFEE CO,27832
76211189531,STARBUCKS KCUP VERANDA,35789,GROCERY (Corp 6),COFFEE,COFFEE-LIQUID-SS,STARBUCKS,STARBUCKS COFFEE CO,27832
76211193025,STRBCK KCUP 10CT VERONA,35790,GROCERY (Corp 6),COFFEE,COFFEE-LIQUID-SS,STARBUCKS,STARBUCKS COFFEE CO,27832
76211194958,STRBUCK KCUP 10CT CRMEL,35791,GROCERY (Corp 6),COFFEE,COFFEE-LIQUID-SS,STARBUCKS,STARBUCKS COFFEE CO,27832
76211194960,STRBUCK KCUP 10 CT VANILLA,35792,GROCERY (Corp 6),COFFEE,COFFEE-LIQUID-SS,STARBUCKS,STARBUCKS COFFEE CO,27832
81693290043,MC ORGNC LIVELY UP DRK EX,35793,GROCERY (Corp 6),COFFEE,COFFEE-LIQUID-SS,MARLEY COFFEE,JAMMIN JAVA CORP,27832
1291901218,SEATTLES BEST VANILLA KCUP,35795,GROCERY (Corp 6),COFFEE,COFFEE-LIQUID-SS,SEATTLE'S BEST COFFEE,STARBUCKS COFFEE CO,27832
4100032818,LIPTON SS RFRSH SWT TEA,35796,GROCERY (Corp 6),TEA,TEA INSTANT & HOT DRINK MIXES,UNILEVER GROUP,LIPTON KEURIG,27832
9955508589,KRISPY KREME DECAFE K-CUP,35801,GROCERY (Corp 6),COFFEE,COFFEE-LIQUID-SS,KRISPY KREME,KRISPY KREME DOUGHNUT CORPORATION,27832
9955508723,DONUT HOUSE CHOC GLAZE DONUT,35803,GROCERY (Corp 6),COFFEE,COFFEE-LIQUID-SS,DONUT HOUSE COLLECTION KEURIG,KEURIG GREEN MOUNTAIN INC,27832
76211196679,TAZO CHAI KCUP,35808,GROCERY (Corp 6),COFFEE,COFFEE-LIQUID-SS,TAZO,STARBUCKS COFFEE CO,27832
76211198639,STARBUCKS BRIGHT SKY KCUP,35809,GROCERY (Corp 6),COFFEE,COFFEE-LIQUID-SS,STARBUCKS,STARBUCKS COFFEE CO,27832
4300079470,MAX INSTANT COFFEE,35819,GROCERY (Corp 6),COFFEE,COFFEE INSTANT & SUBSTITUTES,MAXWELL HOUSE,"KRAFT FOODS, INC.",27832
1840031255,HILLS BRO CAPP DBLE MOCHA,35825,GROCERY (Corp 6),COFFEE,COFFEE MAINSTREAM GROUND,HILLS BROS,SEGAFREDO ZANETTI GROUP,27845
1840031257,HILLS BRO CAPP ENGSH TOFFEE,35826,GROCERY (Corp 6),COFFEE,COFFEE MAINSTREAM GROUND,HILLS BROS,SEGAFREDO ZANETTI GROUP,27845
3680005691,FC CF FLTR BASKET 10-12C NAT,35827,GENERAL MDSE (Corp 6),"TOTAL KITCHENWARE, GADGETS",COFFEE FILTERS,Unassigned,Unassigned,27845
3680005692,FC COFFEE FILTER #4 CN NAT,35828,GENERAL MDSE (Corp 6),"TOTAL KITCHENWARE, GADGETS",COFFEE FILTERS,Unassigned,Unassigned,27845
3680039714,CV 10-12 CUP BASKET FILTER,35829,GENERAL MDSE (Corp 6),COFFEE FILTERS/ACCESSORIES,COFFEE FILTERS,CLEAR VALUE,TOPCO ASSOCIATES LLC.,27845
3680075032,CV NON DAIRY CREAMER,35830,GROCERY (Corp 6),COCOA MILK MODIFIERS,COFFEE CREAMERS-POWDERS,TOPCO ASSOCIATES LLC.,CLEAR VALUE,27845
4127102590,I/D FRENCH VANILLA PC 24CT,35831,GROCERY (Corp 6),COCOA MILK MODIFIERS,COFFEE CREAMERS-POWDERS,WHITEWAVE FOODS,INTERNATIONAL DELIGHT,27845
4200043295,PERFECT TCH GRAB N GO CUP,35832,TAXABLE GROCERY (Corp 6),TABLE TOP,PLASTIC AND PAPER CUPS,KOCH INDUSTRIES INC,DIXIE,27845
4300000332,MHIC CAFE FRANCIAS PK,35833,GROCERY (Corp 6),COFFEE,COFFEE INSTANT & SUBSTITUTES,MAXWELL HOUSE,"KRAFT FOODS, INC.",27845
4300000333,MHIC FRENCH VANILLA CAFE PK,35834,GROCERY (Corp 6),COFFEE,COFFEE INSTANT & SUBSTITUTES,MAXWELL HOUSE,"KRAFT FOODS, INC.",27845
5000004595,COFFEEMATE CRMY CHOCL,35835,GROCERY (Corp 6),COCOA MILK MODIFIERS,COFFEE CREAMERS-POWDERS,NESTLE HOLDINGS INC,NESTLE,27845
5000020708,COFFEEMATE FRENCH VAN,35836,GROCERY (Corp 6),COCOA MILK MODIFIERS,COFFEE CREAMERS-POWDERS,NESTLE HOLDINGS INC,NESTLE,27845
5000030132,COFFEE MATE LITE,35837,GROCERY (Corp 6),COCOA MILK MODIFIERS,COFFEE CREAMERS-POWDERS,NESTLE HOLDINGS INC,NESTLE,27845
5000030152,CARN.COFFEE MATE REG,35838,GROCERY (Corp 6),COCOA MILK MODIFIERS,COFFEE CREAMERS-POWDERS,NESTLE HOLDINGS INC,NESTLE,27845
5000030162,COFFEEMATE,35839,GROCERY (Corp 6),COCOA MILK MODIFIERS,COFFEE CREAMERS-POWDERS,NESTLE HOLDINGS INC,NESTLE,27845
5000030212,COFFEEMATE,35840,GROCERY (Corp 6),COCOA MILK MODIFIERS,COFFEE CREAMERS-POWDERS,NESTLE HOLDINGS INC,NESTLE,27845
5000030302,COFFEEMATE CREAMER KILO,35841,GROCERY (Corp 6),COCOA MILK MODIFIERS,COFFEE CREAMERS-POWDERS,NESTLE HOLDINGS INC,NESTLE,27845
5000030622,COFFEEMATE FAT FREE,35842,GROCERY (Corp 6),COCOA MILK MODIFIERS,COFFEE CREAMERS-POWDERS,NESTLE HOLDINGS INC,NESTLE,27845
5000031474,COFFEEMATE HAZELNUT,35843,GROCERY (Corp 6),COCOA MILK MODIFIERS,COFFEE CREAMERS-POWDERS,NESTLE HOLDINGS INC,NESTLE,27845
5000033480,COFMT PWD SGRFRE VAN CRML,35844,GROCERY (Corp 6),COCOA MILK MODIFIERS,COFFEE CREAMERS-POWDERS,NESTLE HOLDINGS INC,NESTLE,27845
5000034101,COFFEE-MATE CREAMER TUBS ORIG,35845,GROCERY (Corp 6),COCOA MILK MODIFIERS,COFFEE CREAMERS-POWDERS,NESTLE HOLDINGS INC,NESTLE,27845
5000034103,COFFEE-MATE HAZELN CREAMER 4PK,35846,GROCERY (Corp 6),COCOA MILK MODIFIERS,COFFEE CREAMERS-POWDERS,NESTLE HOLDINGS INC,NESTLE,27845
5000034934,COFFEEMATE HAZELNUT CARB,35847,GROCERY (Corp 6),COCOA MILK MODIFIERS,COFFEE CREAMERS-POWDERS,NESTLE HOLDINGS INC,NESTLE,27845
5000038825,COFFEEMATE FRN VANL CARB,35848,GROCERY (Corp 6),COCOA MILK MODIFIERS,COFFEE CREAMERS-POWDERS,NESTLE HOLDINGS INC,NESTLE,27845
5000045817,COFMT PWD SGRFRE CRM CHOC,35849,GROCERY (Corp 6),COCOA MILK MODIFIERS,COFFEE CREAMERS-POWDERS,NESTLE HOLDINGS INC,NESTLE,27845
5000052517,NES.COFFEEMATE SWEETENED CREAM,35850,GROCERY (Corp 6),COCOA MILK MODIFIERS,COFFEE CREAMERS-POWDERS,NESTLE HOLDINGS INC,NESTLE,27845
5000056024,NES COFFEE MATE HAZELNUT,35851,GROCERY (Corp 6),COCOA MILK MODIFIERS,COFFEE CREAMERS-POWDERS,NESTLE HOLDINGS INC,NESTLE,27845
5000060236,COFFEEMATE P-CRML MACCHTO,35852,GROCERY (Corp 6),COCOA MILK MODIFIERS,COFFEE CREAMERS-POWDERS,NESTLE HOLDINGS INC,NESTLE,27845
5000069225,NES COFFEE MATE FRENCH VANILLA,35853,GROCERY (Corp 6),COCOA MILK MODIFIERS,COFFEE CREAMERS-POWDERS,NESTLE HOLDINGS INC,NESTLE,27845
5150025627,CRISCO VEGETABLE OIL,35854,GROCERY (Corp 6),SHORTENINGS OIL,OILS - COOKING & SALAD,"J. M. SMUCKER COMPANY, THE",CRISCO,27845
5543762275,NET BROWN #2 100CT COFFEE FLTR,35855,GENERAL MDSE (Corp 6),COFFEE FILTERS/ACCESSORIES,COFFEE FILTERS,MELITTA,MELITTA UNTERNEHMENSGRUPPE BENTZ KG,27845
5543762460,NAT #4 100 CT BROWN FITER,35856,GENERAL MDSE (Corp 6),COFFEE FILTERS/ACCESSORIES,COFFEE FILTERS,MELITTA,MELITTA UNTERNEHMENSGRUPPE BENTZ KG,27845
5543762909,MELITTA BASKET NB 8-12 CUP,35857,GENERAL MDSE (Corp 6),COFFEE FILTERS/ACCESSORIES,COFFEE FILTERS,MELITTA,MELITTA UNTERNEHMENSGRUPPE BENTZ KG,27845
5543762952,MELITTA 8-12 CUP BSKET FILTER,35858,GENERAL MDSE (Corp 6),COFFEE FILTERS/ACCESSORIES,COFFEE FILTERS,MELITTA,MELITTA UNTERNEHMENSGRUPPE BENTZ KG,27845
5543762955,MELITTA BSKT 8CUP FLTR,35859,GENERAL MDSE (Corp 6),COFFEE FILTERS/ACCESSORIES,COFFEE FILTERS,MELITTA,MELITTA UNTERNEHMENSGRUPPE BENTZ KG,27845
5543763118,MELITTA BAMBOO CONE COFFEE FIL,35860,GENERAL MDSE (Corp 6),COFFEE FILTERS/ACCESSORIES,COFFEE FILTERS,MELITTA,MELITTA UNTERNEHMENSGRUPPE BENTZ KG,27845
5543766358,MELITTA AROMA COFEMAKER WHT,35861,GENERAL MDSE (Corp 6),COFFEE FILTERS/ACCESSORIES,COFFEE ACCESSORIES,MELITTA,HARBINGER CAPITAL PARTNERS,27845
60788001221,SH COFFEE CREAMER,35862,GROCERY (Corp 6),COCOA MILK MODIFIERS,COFFEE CREAMERS-POWDERS,LONE STAR FUNDS,SOUTHERN HOME,27845
60788001222,SH CREAMER LITE,35863,GROCERY (Corp 6),COCOA MILK MODIFIERS,COFFEE CREAMERS-POWDERS,LONE STAR FUNDS,SOUTHERN HOME,27845
60788001223,SH FAT FR NON DAIRY CRM,35864,GROCERY (Corp 6),COCOA MILK MODIFIERS,COFFEE CREAMERS-POWDERS,LONE STAR FUNDS,SOUTHERN HOME,27845
60788001224,SH COFFEE CREAMER,35865,GROCERY (Corp 6),COCOA MILK MODIFIERS,COFFEE CREAMERS-POWDERS,LONE STAR FUNDS,SOUTHERN HOME,27845
60788002371,"SH 8""BASKET FILTER 500CT",35866,GENERAL MDSE (Corp 6),COFFEE FILTERS/ACCESSORIES,COFFEE FILTERS,SOUTHERN HOME,LONE STAR FUNDS,27845
60788002375,SH #4 CONE WHT FILTER,35867,GENERAL MDSE (Corp 6),COFFEE FILTERS/ACCESSORIES,COFFEE FILTERS,SOUTHERN HOME,LONE STAR FUNDS,27845
60788002947,SH CREAMER HAZELNUT,35868,GROCERY (Corp 6),COCOA MILK MODIFIERS,COFFEE CREAMERS-POWDERS,LONE STAR FUNDS,SOUTHERN HOME,27845
60788002948,SH CREAMER FRENCH VANILLA,35869,GROCERY (Corp 6),COCOA MILK MODIFIERS,COFFEE CREAMERS-POWDERS,LONE STAR FUNDS,SOUTHERN HOME,27845
60788012093,"SH 8""BASKET FILTER 200CT",35870,GENERAL MDSE (Corp 6),COFFEE FILTERS/ACCESSORIES,COFFEE FILTERS,SOUTHERN HOME,LONE STAR FUNDS,27845
60788012095,"SH 7""BASKET FILTER 200CT",35871,GENERAL MDSE (Corp 6),COFFEE FILTERS/ACCESSORIES,COFFEE FILTERS,SOUTHERN HOME,LONE STAR FUNDS,27845
3450063156,LOL MINI MOO'S HALF/HALF 24CT,35880,GROCERY (Corp 6),COCOA MILK MODIFIERS,COFFEE CREAMERS-POWDERS,WHITEWAVE FOODS,LAND O LAKES,27845
4127102591,I/D HAZELNUT PC 24CT,35881,GROCERY (Corp 6),COCOA MILK MODIFIERS,COFFEE CREAMERS-POWDERS,WHITEWAVE FOODS,INTERNATIONAL DELIGHT,27845
4300000487,MHIC HAZELNUT BELGIAN CFE PK,35882,GROCERY (Corp 6),COFFEE,COFFEE INSTANT & SUBSTITUTES,MAXWELL HOUSE,"KRAFT FOODS, INC.",27845
60788002376,SH COFFEE FILTER #4 CONE POLY,35883,GENERAL MDSE (Corp 6),COFFEE FILTERS/ACCESSORIES,COFFEE FILTERS,SOUTHERN HOME,LONE STAR FUNDS,27845
1114110002,8 O'CLOCK DARK ITALIAN ROAST,36054,GROCERY (Corp 6),COFFEE,COFFEE MAINSTREAM GROUND,EIGHT O'CLOCK,TATA GROUP,27832
1114110022,EIGHT O'CLOCK ORIG BEAN PK,36055,GROCERY (Corp 6),COFFEE,WHOLE BEAN,EIGHT O'CLOCK,TATA GROUP,27832
1114110029,EIGHT O'CLOCK ORIG GRD PK,36056,GROCERY (Corp 6),COFFEE,WHOLE BEAN-GROUND,EIGHT O'CLOCK,TATA GROUP,27832
1114110040,EIGHT O'CLOCK COFFEE ORIG GRND,36057,GROCERY (Corp 6),COFFEE,COFFEE MAINSTREAM GROUND,EIGHT O'CLOCK,TATA GROUP,27832
1114110196,EIGHT O'CLC WHLE BEAN CNTRLPK,36058,GROCERY (Corp 6),COFFEE,WHOLE BEAN,EIGHT O'CLOCK,TATA GROUP,27832
1114110230,EIGHT O'CL COFF GR FRN VAN,36059,GROCERY (Corp 6),COFFEE,COFFEE MAINSTREAM GROUND,EIGHT O'CLOCK,TATA GROUP,27832
1114110275,EOC COFFEE 100%COLOMBIAN GRND,36060,GROCERY (Corp 6),COFFEE,COFFEE MAINSTREAM GROUND,EIGHT O'CLOCK,TATA GROUP,27832
1114110291, EIGHT O'CLOCK HAZELNUT GRPK,36061,GROCERY (Corp 6),COFFEE,WHOLE BEAN-GROUND,EIGHT O'CLOCK,TATA GROUP,27832
1114110526,EOC DECAF GROUND COFFEE,36062,GROCERY (Corp 6),COFFEE,COFFEE MAINSTREAM GROUND,EIGHT O'CLOCK,TATA GROUP,27832
1291901215,SEATTLES BEST HAZELNUT KCUP,36063,GROCERY (Corp 6),COFFEE,COFFEE-LIQUID-SS,SEATTLE'S BEST COFFEE,STARBUCKS COFFEE CO,27832
1291901216,SEATTLES BEST HOUSE BLND KCUP,36064,GROCERY (Corp 6),COFFEE,COFFEE-LIQUID-SS,SEATTLE'S BEST COFFEE,STARBUCKS COFFEE CO,27832
1291912212,SEATTLE'S BEST GROUND COFFEE,36065,GROCERY (Corp 6),COFFEE,WHOLE BEAN-GROUND,SEATTLE'S BEST COFFEE,STARBUCKS COFFEE CO,27832
1291912231,SEATTLES FR ROAST GRND COFFEE,36066,GROCERY (Corp 6),COFFEE,WHOLE BEAN-GROUND,SEATTLE'S BEST COFFEE,STARBUCKS COFFEE CO,27832
1291912261,SEATTLES BB HENRYS GRND COFFEE,36067,GROCERY (Corp 6),COFFEE,WHOLE BEAN-GROUND,SEATTLE'S BEST COFFEE,STARBUCKS COFFEE CO,27832
2451500872,KALUHA CFFEE GRN ORGNL,36068,GROCERY TOTAL (Corp 6),COFFEE,COFFEE MAINSTREAM GROUND,KAHLUA,WHITE COFFEE CORP,27832
2451507291,ENTENMANNS CFFEE SS VANILLA,36069,GROCERY TOTAL (Corp 6),TEA,TEA BAGS,Default: No Brand,Default: No Manufacturer,27832
2451507297,ENTENMANNS CFFEE SS HAZELNUT,36070,GROCERY TOTAL (Corp 6),TEA,TEA BAGS,Default: No Brand,Default: No Manufacturer,27832
2451507347,ENTENMANNS CFFEE SS BRKFST BLND,36071,GROCERY TOTAL (Corp 6),TEA,TEA BAGS,Default: No Brand,Default: No Manufacturer,27832
2451507356,ENTENMANNS COFFEE SS DRK ROAST,36072,GROCERY TOTAL (Corp 6),COFFEE,COFFEE-LIQUID-SS,ENTENMANN'S,WHITE COFFEE CORP,27832
2550000234,FOLGERS CLASSIC RST DECF,36073,GROCERY (Corp 6),COFFEE,COFFEE MAINSTREAM GROUND,FOLGERS,"J. M. SMUCKER COMPANY, THE",27832
2550020042,FOLGERS GRMT LVLY COL DEC SS,36074,GROCERY (Corp 6),COFFEE,COFFEE-LIQUID-SS,FOLGERS,"J. M. SMUCKER COMPANY, THE",27832
2550020121,FOLGERS GOURMET SEL MORNING CA,36075,GROCERY (Corp 6),COFFEE,COFFEE MAINSTREAM GROUND,FOLGERS,"J. M. SMUCKER COMPANY, THE",27832
2550020145,FOLGERS GRMT CARMEL DRZZL,36076,GROCERY (Corp 6),COFFEE,WHOLE BEAN-GROUND,FOLGERS,"J. M. SMUCKER COMPANY, THE",27832
2550020173,FGS SUGAR COOKIE PREPK CFF,36077,GROCERY (Corp 6),COFFEE,WHOLE BEAN-GROUND,FOLGERS,"J. M. SMUCKER COMPANY, THE",27832
2550020408,FOLGERS FR VANILLA CAPP STK,36078,GROCERY (Corp 6),COFFEE,COFFEE INSTANT & SUBSTITUTES,FOLGERS,"J. M. SMUCKER COMPANY, THE",27832
2550020496,FOLGERS MOCHA CHOC CAPP STK,36079,GROCERY (Corp 6),COFFEE,COFFEE INSTANT & SUBSTITUTES,FOLGERS,"J. M. SMUCKER COMPANY, THE",27832
2550020497,FOLGERS BLACK SILK DECAF CAN,36080,GROCERY (Corp 6),COFFEE,COFFEE MAINSTREAM GROUND,Unassigned,Unassigned,27832
2800025566,NESCAFE TC COLUMBIAN STCKS,36081,GROCERY (Corp 6),COFFEE,COFFEE INSTANT & SUBSTITUTES,NESCAFE,NESTLE HOLDINGS INC,27832
2800030450,TASTERCHOICE GOURMT ROAST,36082,GROCERY (Corp 6),COFFEE,COFFEE INSTANT & SUBSTITUTES,NESCAFE,NESTLE HOLDINGS INC,27832
2800066850,TASTER'S CHOICE STCKS REG,36083,GROCERY (Corp 6),COFFEE,COFFEE INSTANT & SUBSTITUTES,NESCAFE,NESTLE HOLDINGS INC,27832
3256100057,BH SALTED CARAMEL K-CUP,36084,GROCERY (Corp 6),COFFEE,COFFEE-LIQUID-SS,Unassigned,Unassigned,27832
3256100515,BH ETHIOPIAN K-CUP,36085,GROCERY (Corp 6),COFFEE,COFFEE-LIQUID-SS,Unassigned,Unassigned,27832
3256100520,BH GUATEMALA K-CUP,36086,GROCERY (Corp 6),COFFEE,COFFEE-LIQUID-SS,Unassigned,Unassigned,27832
3256100540,BH ULTIMATE HAZELNUT K-CUP,36087,GROCERY (Corp 6),COFFEE,COFFEE-LIQUID-SS,Unassigned,Unassigned,27832
3256100580,BH HAWAIIAN KONA K-CUP,36088,GROCERY (Corp 6),COFFEE,COFFEE-LIQUID-SS,Unassigned,Unassigned,27832
3256100590,BH SUMATRA K-CUP,36089,GROCERY (Corp 6),COFFEE,COFFEE-LIQUID-SS,Unassigned,Unassigned,27832
3256100595,BH HOUSE BLND EXTRA BOLD K-CUP,36090,GROCERY (Corp 6),COFFEE,COFFEE-LIQUID-SS,Unassigned,Unassigned,27832
3256128353,BH JAMMIN JAMAICAN KCUP,36091,GROCERY (Corp 6),COFFEE,COFFEE-LIQUID-SS,Unassigned,Unassigned,27832
3570001815,DARK ROAST,36092,GROCERY TOTAL (Corp 6),COFFEE,WHOLE BEAN-GROUND,COMMUNITY,COMMUNITY COFFEE COMPANY INC.,27832
3570001820,GRC BREAKFAST BLEND,36093,GROCERY (Corp 6),COFFEE,WHOLE BEAN-GROUND,COMMUNITY,COMMUNITY COFFEE COMPANY INC.,27832
3570001855,COMM CAFES SPECIAL,36094,GROCERY TOTAL (Corp 6),COFFEE,WHOLE BEAN-GROUND,COMMUNITY,COMMUNITY COFFEE COMPANY INC.,27832
3570001857,COLOMBIAN COFFEE,36095,GROCERY (Corp 6),COFFEE,COFFEE MAINSTREAM GROUND,COMMUNITY,COMMUNITY COFFEE COMPANY INC.,27832
3570001896,CC HALF CAFF COFFEE,36096,GROCERY TOTAL (Corp 6),COFFEE,COFFEE MAINSTREAM GROUND,COMMUNITY,COMMUNITY COFFEE COMPANY INC.,27832
3570001904,COMMUNITY COFFEE HOUSE BLEND 12OZ,36097,GROCERY TOTAL (Corp 6),COFFEE,WHOLE BEAN-GROUND,Unassigned,Unassigned,27832
3570016261,CC SNGLE SERV DRK ROAST,36098,GROCERY TOTAL (Corp 6),COFFEE,COFFEE-LIQUID-SS,COMMUNITY,COMMUNITY COFFEE COMPANY INC.,27832
3570016262,COM COFFEE SNGLE SERVE CAFE SPCL,36099,GROCERY TOTAL (Corp 6),COFFEE,COFFEE-LIQUID-SS,COMMUNITY,COMMUNITY COFFEE COMPANY INC.,27832
3570016263,CC SNGLE SERVE BREAKFAST BLND,36100,GROCERY TOTAL (Corp 6),COFFEE,COFFEE-LIQUID-SS,COMMUNITY,COMMUNITY COFFEE COMPANY INC.,27832
3570016298,COMM COFFEE HOUSE BLND SS CUP,36101,GROCERY (Corp 6),COFFEE,COFFEE MISC,Unassigned,Unassigned,27832
3680018285,CV COFFEE INSTANT,36102,GROCERY (Corp 6),COFFEE,COFFEE MAINSTREAM GROUND,CLEAR VALUE,TOPCO ASSOCIATES LLC.,27832
3680029189,CV COFFEE INSTANT DECAF,36103,GROCERY (Corp 6),COFFEE,COFFEE MAINSTREAM GROUND,CLEAR VALUE,TOPCO ASSOCIATES LLC.,27832
4300004296,GEVALIA TRAD BLND COFFEE,36104,GROCERY (Corp 6),COFFEE,WHOLE BEAN-GROUND,GEVALIA,"KRAFT FOODS, INC.",27832
4300004297,GEVALIA HOUSE DECF COFFEE,36105,GROCERY (Corp 6),COFFEE,WHOLE BEAN-GROUND,GEVALIA,"KRAFT FOODS, INC.",27832
4300004298,GEVALIA EXPRSO RST COFFEE,36106,GROCERY (Corp 6),COFFEE,WHOLE BEAN-GROUND,GEVALIA,"KRAFT FOODS, INC.",27832
4300004299,GEVALIA HOUSE BLND COFFEE,36107,GROCERY (Corp 6),COFFEE,WHOLE BEAN-GROUND,GEVALIA,"KRAFT FOODS, INC.",27832
4300004300,GEVALIA FR ROAST COFFEE,36108,GROCERY (Corp 6),COFFEE,WHOLE BEAN-GROUND,GEVALIA,"KRAFT FOODS, INC.",27832
4300004301,GEVALIA COLOMBIA COFFEE,36109,GROCERY (Corp 6),COFFEE,WHOLE BEAN-GROUND,GEVALIA,"KRAFT FOODS, INC.",27832
4300004650,MAX MASTERBLND ADC COFFEE,36110,GROCERY (Corp 6),COFFEE,COFFEE MAINSTREAM GROUND,MAXWELL HOUSE,"KRAFT FOODS, INC.",27832
4300004651,MAX  FRNCH RST CAN 3#,36111,GROCERY (Corp 6),COFFEE,COFFEE MAINSTREAM GROUND,MAXWELL HOUSE,"KRAFT FOODS, INC.",27832
4300004652,MAX LITE COFFEE-CAN,36112,GROCERY (Corp 6),COFFEE,COFFEE MAINSTREAM GROUND,MAXWELL HOUSE,"KRAFT FOODS, INC.",27832
4300004656,MAXWELL HOUSE COLOMBIAN,36113,GROCERY (Corp 6),COFFEE,COFFEE MAINSTREAM GROUND,MAXWELL HOUSE,"KRAFT FOODS, INC.",27832
4300004657,MAXWELL BREAKFAST BLND CN,36114,GROCERY (Corp 6),COFFEE,COFFEE MAINSTREAM GROUND,MAXWELL HOUSE,"KRAFT FOODS, INC.",27832
4300004660,MAX HOUSE COFFEE BLEND #3,36115,GROCERY (Corp 6),COFFEE,COFFEE MAINSTREAM GROUND,MAXWELL HOUSE,"KRAFT FOODS, INC.",27832
4300004981,MAX HS CAFE BKFST BLND SG,36116,GROCERY (Corp 6),COFFEE,COFFEE-LIQUID-SS,MAXWELL HOUSE,"KRAFT FOODS, INC.",27832
4300004986,MAX HS CAFE FRNCH RST SG,36117,GROCERY (Corp 6),COFFEE,COFFEE-LIQUID-SS,MAXWELL HOUSE,"KRAFT FOODS, INC.",27832
4300004992,GEVALIA DRK ROAYL RST SG,36118,GROCERY (Corp 6),COFFEE,COFFEE-LIQUID-SS,GEVALIA,"KRAFT FOODS, INC.",27832
4300004998,MAX HS CAFE HOUSE BLND SG,36119,GROCERY (Corp 6),COFFEE,COFFEE-LIQUID-SS,MAXWELL HOUSE,"KRAFT FOODS, INC.",27832
4300005000,GEVALIA COLOMBIA SG,36120,GROCERY (Corp 6),COFFEE,COFFEE-LIQUID-SS,GEVALIA,"KRAFT FOODS, INC.",27832
4300005001,GEVALIA SIGNATURE BLND SG,36121,GROCERY (Corp 6),COFFEE,COFFEE-LIQUID-SS,GEVALIA,"KRAFT FOODS, INC.",27832
4300005530,MCCAFE FRENCH VANILLA,36122,GROCERY (Corp 6),COFFEE,WHOLE BEAN-GROUND,MC CAFE,"KRAFT FOODS, INC.",27832
4300005532,MCCAFE FRENCH ROAST GRND,36123,GROCERY (Corp 6),COFFEE,WHOLE BEAN-GROUND,MC CAFE,"KRAFT FOODS, INC.",27832
4300005764,GEVALIA BLD MAJSTC RST,36124,GROCERY (Corp 6),COFFEE,COFFEE MAINSTREAM GROUND,GEVALIA,"KRAFT FOODS, INC.",27832
4300005772,GEV CAP SINGLE SERVE,36125,GROCERY (Corp 6),COFFEE,COFFEE-LIQUID-SS,GEVALIA,"KRAFT FOODS, INC.",27832
4300005779,GEV CARMEL MACCHIATTO SS,36126,GROCERY (Corp 6),COFFEE,COFFEE-LIQUID-SS,GEVALIA,"KRAFT FOODS, INC.",27832
4300006190,GEVALIA GUATEMALA GRND COFFEE,36127,GROCERY (Corp 6),COFFEE,WHOLE BEAN-GROUND,GEVALIA,"KRAFT FOODS, INC.",27832
4300006194,GEVALIA COSTA RICA GRND COFFEE,36128,GROCERY (Corp 6),COFFEE,WHOLE BEAN-GROUND,GEVALIA,"KRAFT FOODS, INC.",27832
4300006313,MAXWELL HOUSE SMOOTH BOLD,36129,GROCERY (Corp 6),COFFEE,COFFEE MAINSTREAM GROUND,MAXWELL HOUSE,"KRAFT FOODS, INC.",27832
4300006314,MAXWELL HOUSE INTENSE BOLD,36130,GROCERY (Corp 6),COFFEE,COFFEE MAINSTREAM GROUND,MAXWELL HOUSE,"KRAFT FOODS, INC.",27832
4300006316,MAXWELL HOUSE INTENSE BOLD,36131,GROCERY (Corp 6),COFFEE,COFFEE MAINSTREAM GROUND,MAXWELL HOUSE,"KRAFT FOODS, INC.",27832
4300006352,MAXWELL HOUSE ORIGINAL DECAF,36132,GROCERY (Corp 6),COFFEE,COFFEE MAINSTREAM GROUND,MAXWELL HOUSE,"KRAFT FOODS, INC.",27832
4300006353,MCCAFE HAZELNUT,36133,GROCERY (Corp 6),COFFEE,WHOLE BEAN-GROUND,MC CAFE,"KRAFT FOODS, INC.",27832
4300006702,MCCAFE EXPRESSO ROAST,36134,GROCERY (Corp 6),COFFEE,WHOLE BEAN-GROUND,Unassigned,Unassigned,27832
5100021305,CAMP FB HMSTYL CHKN SOUP K-CUP,36135,GROCERY (Corp 6),COFFEE,COFFEE-LIQUID-SS,Unassigned,Unassigned,27832
5100021307,CAMP FB SW STYL CKN SOUP K-CUP,36136,GROCERY (Corp 6),COFFEE,COFFEE-LIQUID-SS,Unassigned,Unassigned,27832
7017751541,TWINNING TEA K CUP PURE CAMOMILE,36137,GROCERY TOTAL (Corp 6),TEA,TEA PACKAGED,Default: No Brand,Default: No Manufacturer,27832
7056800051,FRENCH MARKET DRK RST SS,36138,GROCERY (Corp 6),COFFEE,COFFEE-LIQUID-SS,FRENCH MARKET,"WM. B. REILY & COMPANY, INC",27832
7056800053,FRENCH MARKET MED RST SS,36139,GROCERY (Corp 6),COFFEE,COFFEE-LIQUID-SS,FRENCH MARKET,"WM. B. REILY & COMPANY, INC",27832
7056820312,FRENCH MARKET C&C DRK ROAST BG,36140,GROCERY (Corp 6),COFFEE,COFFEE MAINSTREAM GROUND,FRENCH MARKET,"WM. B. REILY & COMPANY, INC",27832
7056831203,FRENCH MARKET DRK RST BAG,36141,GROCERY (Corp 6),COFFEE,COFFEE MAINSTREAM GROUND,FRENCH MARKET,"WM. B. REILY & COMPANY, INC",27832
7056831209,FRENCH MARKET FRNCH RST BAG,36142,GROCERY (Corp 6),COFFEE,COFFEE MAINSTREAM GROUND,FRENCH MARKET,"WM. B. REILY & COMPANY, INC",27832
7103801215,MDTWN MANHATTAN MD RST,36143,GROCERY (Corp 6),COFFEE,COFFEE-LIQUID-SS,CHOCK FULL O NUTS,SEGAFREDO ZANETTI GROUP,27832
7103801217,CFON COLUMBIAN SS,36144,GROCERY (Corp 6),COFFEE,COFFEE-LIQUID-SS,CHOCK FULL O NUTS,SEGAFREDO ZANETTI GROUP,27832
7510100571,MILLSTONE COLOMBIAN,36145,GROCERY (Corp 6),COFFEE,WHOLE BEAN-GROUND,MILLSTONE,"J. M. SMUCKER COMPANY, THE",27832
7732447052,FREN ROAST SNGL COFFEE,36146,GROCERY (Corp 6),COFFEE,COFFEE-LIQUID-SS,SAN FRANCISCO BAY,ROGERS FAMILY COMPANY INC,27832
7732447059,FOGCHASER SNGL COFFEE,36147,GROCERY (Corp 6),COFFEE,COFFEE-LIQUID-SS,SAN FRANCISCO BAY,ROGERS FAMILY COMPANY INC,27832
9955508654,EIGHT O'CLOCK FRENCH VAN K-CUP,36148,GROCERY (Corp 6),COFFEE,COFFEE-LIQUID-SS,Unassigned,Unassigned,27832
60788001091,SH CLASSIC RST INST COFFEE,36149,GROCERY (Corp 6),COFFEE,COFFEE INSTANT & SUBSTITUTES,SOUTHERN HOME,LONE STAR FUNDS,27832
60788001092,SH INST DECAF,36150,GROCERY (Corp 6),COFFEE,COFFEE INSTANT & SUBSTITUTES,SOUTHERN HOME,LONE STAR FUNDS,27832
60788002316,SH FR.QUARTER ROAST WB,36151,GROCERY (Corp 6),COFFEE,WHOLE BEAN,SOUTHERN HOME,LONE STAR FUNDS,27832
60788002324,SH FOGCUTTER WB,36152,GROCERY (Corp 6),COFFEE,WHOLE BEAN,SOUTHERN HOME,LONE STAR FUNDS,27832
60788002794,SHRC SEASONAL GRD COFFEE,36153,GROCERY (Corp 6),COFFEE,COFFEE MAINSTREAM GROUND,SOUTHERN HOME,LONE STAR FUNDS,27832
60788003168,SH ROASTING CO HOUSE BLEND,36154,GROCERY (Corp 6),COFFEE,COFFEE MAINSTREAM GROUND,SOUTHERN HOME,LONE STAR FUNDS,27832
60788003169,SH ROASTING CO BREAKFAST BLEND,36155,GROCERY (Corp 6),COFFEE,COFFEE MAINSTREAM GROUND,SOUTHERN HOME,LONE STAR FUNDS,27832
60788003170,SH ROASTING CO DONUT SHOP,36156,GROCERY (Corp 6),COFFEE,COFFEE MAINSTREAM GROUND,SOUTHERN HOME,LONE STAR FUNDS,27832
60788003171,SH ROASTING CO ITAL ESPRESSO,36157,GROCERY (Corp 6),COFFEE,COFFEE MAINSTREAM GROUND,SOUTHERN HOME,LONE STAR FUNDS,27832
60788003280,SH BRKFST BLEND LRG CANISTER,36158,GROCERY (Corp 6),COFFEE,COFFEE MAINSTREAM GROUND,SOUTHERN HOME,LONE STAR FUNDS,27832
60788003281,SH ORIG ROAST LRG CANISTER,36159,GROCERY (Corp 6),COFFEE,COFFEE MAINSTREAM GROUND,SOUTHERN HOME,LONE STAR FUNDS,27832
60788003282,SH DARK ROAST LRG CANISTER,36160,GROCERY (Corp 6),COFFEE,COFFEE MAINSTREAM GROUND,SOUTHERN HOME,LONE STAR FUNDS,27832
60788003283,SH CLSSC ROAST ARABICA,36161,GROCERY (Corp 6),COFFEE,COFFEE MAINSTREAM GROUND,SOUTHERN HOME,LONE STAR FUNDS,27832
60788003284,SH COLUMBIAN CANISTER,36162,GROCERY (Corp 6),COFFEE,COFFEE MAINSTREAM GROUND,SOUTHERN HOME,LONE STAR FUNDS,27832
60788003286,SH BRKFST BLEND BRICK,36163,GROCERY (Corp 6),COFFEE,COFFEE MAINSTREAM GROUND,SOUTHERN HOME,LONE STAR FUNDS,27832
60788003287,SH DARK ROAST BRICK,36164,GROCERY (Corp 6),COFFEE,COFFEE MAINSTREAM GROUND,SOUTHERN HOME,LONE STAR FUNDS,27832
60788003288,SH ORIG ROAST BRICK,36165,GROCERY (Corp 6),COFFEE,COFFEE MAINSTREAM GROUND,SOUTHERN HOME,LONE STAR FUNDS,27832
60788003360,SH SS DONUT SHOP,36166,GROCERY (Corp 6),COFFEE,COFFEE-LIQUID-SS,SOUTHERN HOME,LONE STAR FUNDS,27832
60788003361,SH SS FRENCH ROAST,36167,GROCERY (Corp 6),COFFEE,COFFEE-LIQUID-SS,SOUTHERN HOME,LONE STAR FUNDS,27832
60788003362,SH SS FRENCH VANILLA,36168,GROCERY (Corp 6),COFFEE,COFFEE-LIQUID-SS,SOUTHERN HOME,LONE STAR FUNDS,27832
60788003363,SH SS HAZELNUT,36169,GROCERY (Corp 6),COFFEE,COFFEE-LIQUID-SS,Unassigned,Unassigned,27832
60788003364,SH SS COLUMBIAN RESERVE,36170,GROCERY (Corp 6),COFFEE,COFFEE-LIQUID-SS,SOUTHERN HOME,LONE STAR FUNDS,27832
60788003365,SH SS BREAKFAST BLEND,36171,GROCERY (Corp 6),COFFEE,COFFEE-LIQUID-SS,SOUTHERN HOME,LONE STAR FUNDS,27832
63976773458,BB BRKFST BLEND SNG SRVE,36172,GROCERY (Corp 6),COFFEE,COFFEE-LIQUID-SS,Unassigned,Unassigned,27832
63976773463,BB CFFEE CRNR DON SHP SS,36173,GROCERY (Corp 6),COFFEE,COFFEE-LIQUID-SS,Unassigned,Unassigned,27832
63976773466,BB CFFEE FUGGEDABOUTIT SS,36174,GROCERY (Corp 6),COFFEE,COFFEE-LIQUID-SS,Unassigned,Unassigned,27832
63976773469,BB BEAN MAPLE SLGH SS,36175,GROCERY (Corp 6),COFFEE,COFFEE-LIQUID-SS,Unassigned,Unassigned,27832
72253859000,BARNIES BLEND SS COFFEE,36176,GROCERY (Corp 6),COFFEE,COFFEE-LIQUID-SS,BARNIE'S COFFEE KITCHEN,BARNIE'S II INC.,27832
72253859507,BARNIES CCOL CAFE BLUES SS,36177,GROCERY (Corp 6),COFFEE,COFFEE-LIQUID-SS,BARNIE'S COFFEE KITCHEN,BARNIE'S II INC.,27832
75211606009,HOMETOWN MAUI KONA SING SERVE,36178,GROCERY (Corp 6),COFFEE,COFFEE-LIQUID-SS,Unassigned,Unassigned,27832
75211606011,HOMETOWN CARML TRUF SING SERVE,36179,GROCERY (Corp 6),COFFEE,COFFEE-LIQUID-SS,HOMETOWN SPECIALTY COFFEE,HOMETOWN COFFEE CO.,27832
76211120605,STARBUCK HOUSE BLEND GRND,36180,GROCERY (Corp 6),COFFEE,WHOLE BEAN-GROUND,STARBUCKS,STARBUCKS COFFEE CO,27832
76211120611,STARBUCK COLOMBIA GROUND,36181,GROCERY (Corp 6),COFFEE,WHOLE BEAN-GROUND,STARBUCKS,STARBUCKS COFFEE CO,27832
76211120613,STARBUCK FREN ROAST GRND,36182,GROCERY (Corp 6),COFFEE,WHOLE BEAN-GROUND,STARBUCKS,STARBUCKS COFFEE CO,27832
76211120625,STARBUCK GRD BREAKFAST BLND,36183,GROCERY (Corp 6),COFFEE,WHOLE BEAN-GROUND,STARBUCKS,STARBUCKS COFFEE CO,27832
76211162287,STARBUCKS-CAFFE VERONA GRD,36184,GROCERY (Corp 6),COFFEE,WHOLE BEAN-GROUND,STARBUCKS,STARBUCKS COFFEE CO,27832
76211162290,STARBUCK SUMATRA W/BEAN,36185,GROCERY (Corp 6),COFFEE,WHOLE BEAN,STARBUCKS,STARBUCKS COFFEE CO,27832
76211162291,STARBUCK-SUMATRA GRN,36186,GROCERY (Corp 6),COFFEE,WHOLE BEAN-GROUND,STARBUCKS,STARBUCKS COFFEE CO,27832
76211176611,STARBUCK VIA ITALIAN ROAST PK,36187,GROCERY (Corp 6),COFFEE,WHOLE BEAN,STARBUCKS,STARBUCKS COFFEE CO,27832
76211179575,STARBUCK PIKE PL ROAST,36188,GROCERY (Corp 6),COFFEE,WHOLE BEAN-GROUND,STARBUCKS,STARBUCKS COFFEE CO,27832
76604700407,PANERA COLUMBIA BAG,36189,GROCERY (Corp 6),COFFEE,WHOLE BEAN-GROUND,PANERA BREAD,PANERA LLC,27832
76604700409,PANERA HAZELNUT BAG,36190,GROCERY (Corp 6),COFFEE,WHOLE BEAN-GROUND,PANERA BREAD,PANERA LLC,27832
76604700433,PANERA DARK ROAST SS 12CT,36191,GROCERY (Corp 6),COFFEE,COFFEE-LIQUID-SS,PANERA BREAD,PANERA LLC,27832
76604700434,PANERA LIGHT ROAST SS 12CT,36192,GROCERY (Corp 6),COFFEE,COFFEE-LIQUID-SS,PANERA BREAD,PANERA LLC,27832
76604700435,PANERA COLUMBIA 12CT,36193,GROCERY (Corp 6),COFFEE,COFFEE-LIQUID-SS,PANERA BREAD,PANERA LLC,27832
76604700436,PANERA HAZELNUT 12CT,36194,GROCERY (Corp 6),COFFEE,COFFEE-LIQUID-SS,PANERA BREAD,PANERA LLC,27832
78260516106,KAUAI KOLOA MED ROAST GROUND,36195,GROCERY (Corp 6),COFFEE,COFFEE MAINSTREAM GROUND,KAUAI COFFEE,SEGAFREDO ZANETTI GROUP,27832
78260516107,KAUAI KOLOA DRK ROAST GROUND,36196,GROCERY (Corp 6),COFFEE,COFFEE MAINSTREAM GROUND,KAUAI COFFEE,SEGAFREDO ZANETTI GROUP,27832
78260516110,KAUAI KOLOA VAN MCDMIA GROUND,36197,GROCERY (Corp 6),COFFEE,COFFEE MAINSTREAM GROUND,KAUAI COFFEE,SEGAFREDO ZANETTI GROUP,27832
78260516150,KAUAI KOLOA GRDN ISLE MED RST,36198,GROCERY (Corp 6),COFFEE,COFFEE-LIQUID-SS,KAUAI COFFEE,SEGAFREDO ZANETTI GROUP,27832
78260516152,KAUAI KOLOA PALI CST DRK RST,36199,GROCERY (Corp 6),COFFEE,COFFEE-LIQUID-SS,KAUAI COFFEE,SEGAFREDO ZANETTI GROUP,27832
78778020000,NEW ENG.COFF CHOC CAPPUCINO,36200,GROCERY (Corp 6),COFFEE,COFFEE MAINSTREAM GROUND,NEW ENGLAND,"WM. B. REILY & COMPANY, INC",27832
78778020018,NEW ENG BRKFST BLND DECAF,36201,GROCERY (Corp 6),COFFEE,WHOLE BEAN-GROUND,NEW ENGLAND,"WM. B. REILY & COMPANY, INC",27832
78778077010,NEW ENGLAND COF BR BLEND,36202,GROCERY (Corp 6),COFFEE,WHOLE BEAN-GROUND,NEW ENGLAND,"WM. B. REILY & COMPANY, INC",27832
78778077014,NEW ENGLAND HAZELNUT,36203,GROCERY (Corp 6),COFFEE,WHOLE BEAN-GROUND,NEW ENGLAND,"WM. B. REILY & COMPANY, INC",27832
78778077016,NEW ENG FRENCH VANILLA,36204,GROCERY (Corp 6),COFFEE,WHOLE BEAN-GROUND,NEW ENGLAND,"WM. B. REILY & COMPANY, INC",27832
78778077018,NEW ENGLAND HAZEL DECAF,36205,GROCERY (Corp 6),COFFEE,COFFEE MAINSTREAM GROUND,NEW ENGLAND,"WM. B. REILY & COMPANY, INC",27832
78778077024,NEW ENG COLUMBIAN SUPREMO,36206,GROCERY (Corp 6),COFFEE,COFFEE MAINSTREAM GROUND,NEW ENGLAND,"WM. B. REILY & COMPANY, INC",27832
78778077039,NEW ENG BREAKFAST BLE SS,36207,GROCERY (Corp 6),COFFEE,COFFEE-LIQUID-SS,NEW ENGLAND,"WM. B. REILY & COMPANY, INC",27832
78778077042,NEW ENG DONUT SHP BLE SS,36208,GROCERY (Corp 6),COFFEE,COFFEE-LIQUID-SS,NEW ENGLAND,"WM. B. REILY & COMPANY, INC",27832
78778077054,NE COFFEE SS HAZELNUT CREAM,36209,GROCERY (Corp 6),COFFEE,COFFEE-LIQUID-SS,NEW ENGLAND,"WM. B. REILY & COMPANY, INC",27832
78778077056,NE COFFEE SS BLUBRRY COBBLER,36210,GROCERY (Corp 6),COFFEE,COFFEE-LIQUID-SS,NEW ENGLAND,"WM. B. REILY & COMPANY, INC",27832
81468101196,EAST AFRICAN 2LB COFFEE BAG,36211,GROCERY (Corp 6),COFFEE,COFFEE MAINSTREAM GROUND,WESTROCK,WESTROCK COFFEE LLC,27832
81468101228,WESTROCK MEZA SINGLE SRVE 12CT,36212,GROCERY (Corp 6),COFFEE,COFFEE-LIQUID-SS,WESTROCK,WESTROCK COFFEE LLC,27832
81693200850,MC ONE MYSTIC MORN SS RFA,36213,GROCERY (Corp 6),COFFEE,COFFEE-LIQUID-SS,MARLEY COFFEE,JAMMIN JAVA CORP,27832
81693200853,MC ONE BUFF SLDIER SS RFA,36214,GROCERY (Corp 6),COFFEE,COFFEE-LIQUID-SS,MARLEY COFFEE,JAMMIN JAVA CORP,27832
81693200856,MC ONE SMILE JAMAICA SS RFA,36215,GROCERY (Corp 6),COFFEE,COFFEE-LIQUID-SS,MARLEY COFFEE,JAMMIN JAVA CORP,27832
81693200859,MC ONE CATCH FIRE SS RFA,36216,GROCERY (Corp 6),COFFEE,COFFEE-LIQUID-SS,Unassigned,Unassigned,27832
81693290042,MC ONE LOVE MEDIUM RST,36217,GROCERY (Corp 6),COFFEE,COFFEE-LIQUID-SS,MARLEY COFFEE,JAMMIN JAVA CORP,27832
88133400046,DD GRND PP ORIGINAL BLEND,36218,GROCERY (Corp 6),COFFEE,WHOLE BEAN-GROUND,DUNKIN' DONUTS,"J. M. SMUCKER COMPANY, THE",27832
88133400047,DD GRND PP FRENCH VANILLA,36219,GROCERY (Corp 6),COFFEE,WHOLE BEAN-GROUND,DUNKIN' DONUTS,"J. M. SMUCKER COMPANY, THE",27832
88133400048,DD GRND DECF ORGNL BLEND,36220,GROCERY (Corp 6),COFFEE,WHOLE BEAN-GROUND,DUNKIN' DONUTS,"J. M. SMUCKER COMPANY, THE",27832
88133400049,DD GRND PP HAZELNUT,36221,GROCERY (Corp 6),COFFEE,WHOLE BEAN-GROUND,DUNKIN' DONUTS,"J. M. SMUCKER COMPANY, THE",27832
88133400051,DD GRND PP WB ORGNL BLEND,36222,GROCERY (Corp 6),COFFEE,WHOLE BEAN,DUNKIN' DONUTS,"J. M. SMUCKER COMPANY, THE",27832
88133400070,DUNKIN DONUTS ORGL BLEND,36223,GROCERY (Corp 6),COFFEE,WHOLE BEAN-GROUND,DUNKIN' DONUTS,"J. M. SMUCKER COMPANY, THE",27832
88133400136,DUNKIN DONUTS TURBO,36224,GROCERY (Corp 6),COFFEE,WHOLE BEAN-GROUND,DUNKIN' DONUTS,"J. M. SMUCKER COMPANY, THE",27832
88133400212,DUNKIN DONUTS DECAF COFFEE,36225,GROCERY (Corp 6),COFFEE,COFFEE MAINSTREAM GROUND,DUNKIN' DONUTS,"J. M. SMUCKER COMPANY, THE",27832
88133400298,DD ORIGINAL K-CUPS,36226,GROCERY (Corp 6),COFFEE,COFFEE-LIQUID-SS,Unassigned,Unassigned,27832
88133400299,DD DECAF K-CUPS,36227,GROCERY (Corp 6),COFFEE,COFFEE-LIQUID-SS,Unassigned,Unassigned,27832
88133400300,DD FRENCH VAN K-CUPS,36228,GROCERY (Corp 6),COFFEE,COFFEE-LIQUID-SS,Unassigned,Unassigned,27832
88133400301,DD HAZELNUT K-CUPS,36229,GROCERY (Corp 6),COFFEE,COFFEE-LIQUID-SS,Unassigned,Unassigned,27832
81693290041,MCGT UP STND UP LGHT RST,36575,GROCERY (Corp 6),COFFEE,COFFEE-LIQUID-SS,MARLEY COFFEE,JAMMIN JAVA CORP,27832
81468101227,WESTROCK RWANDA SS 12CT,36836,GROCERY (Corp 6),COFFEE,COFFEE-LIQUID-SS,WESTROCK,WESTROCK COFFEE LLC,27832
81468101230,WESTROCK EAST AFRN SS 12CT,36837,GROCERY (Corp 6),COFFEE,COFFEE-LIQUID-SS,Unassigned,Unassigned,27832
7447111393,CAFE BUSTELO EXPRESSO,36896,GROCERY (Corp 6),COFFEE,COFFEE MAINSTREAM GROUND,BUSTELO,"J. M. SMUCKER COMPANY, THE",27832
72253859503,SANTAS WHITE CHRISTMAS SS,36897,GROCERY (Corp 6),COFFEE,COFFEE-LIQUID-SS,BARNIE'S COFFEE KITCHEN,BARNIE'S II INC.,27832
76211188997,TAZO KCUP 10CT AWAKE TEA,36898,GROCERY (Corp 6),COFFEE,COFFEE-LIQUID-SS,TAZO,STARBUCKS COFFEE CO,27832
7056810025,FRNCH MRKT CTY DK RST COF,36926,GROCERY (Corp 6),COFFEE,COFFEE MAINSTREAM GROUND,Unassigned,Unassigned,27832
7103800145,CHOCK FULL OF NUTS DECAF,36927,GROCERY (Corp 6),COFFEE,COFFEE MAINSTREAM GROUND,CHOCK FULL O NUTS,SEGAFREDO ZANETTI GROUP,27832